country,date,lead_id,pb_sent_away_docs,pb_eval_rejected,pb_unfriendly,pb_employee_late,pb_price_no_eval,pb_eval_sell_commit,pb_disagree_process,pb_other
BE,"2026-04-24",HA58979,0,1,0,0,0,0,0,0
BE,"2026-04-25",DM35873,0,1,0,0,0,0,0,0
BE,"2026-04-28",GE31557,1,0,0,0,0,0,0,0
BE,"2026-04-28",LN35699,1,0,0,0,0,0,0,0
BE,"2026-04-29",RB96938,1,0,0,0,0,0,0,0
BE,"2026-04-29",EW14294,1,0,0,0,0,0,0,0
BE,"2026-05-05",UU43965,0,1,0,0,0,0,0,0
BE,"2026-05-05",JG49138,0,1,0,0,0,0,0,0
BE,"2026-05-06",PT53113,0,1,0,0,0,0,0,0
BE,"2026-05-11",DN12840,0,1,0,0,0,0,0,0
BE,"2026-05-12",TH67890,1,0,0,0,0,0,0,0
BE,"2026-05-12",BD57583,0,0,0,0,0,1,0,0
BE,"2026-05-13",PZ71835,0,0,0,0,0,0,1,0
BE,"2026-05-13",TT59074,0,0,1,0,0,0,0,0
BE,"2026-05-15",RS02257,0,0,1,0,0,0,0,0
BE,"2026-05-21",UL84991,1,0,0,0,0,0,0,0
BE,"2026-05-22",BJ76973,0,0,0,0,1,0,0,0
BE,"2026-05-22",SF21643,1,0,0,0,0,0,0,0
BE,"2026-05-22",GC24695,0,1,0,0,0,0,0,0
BE,"2026-05-22",DT89718,0,0,0,0,0,0,1,0
BE,"2026-05-26",VG07236,0,0,0,0,1,0,0,0
BE,"2026-05-26",KX33638,1,0,0,0,0,0,0,0
BE,"2026-05-26",HR78874,0,0,1,0,0,0,0,0
BE,"2026-05-26",JC86075,0,0,1,0,0,0,0,0
BE,"2026-05-27",DH25235,0,0,0,0,1,0,0,0
BE,"2026-05-27",CD87846,1,0,0,0,0,0,0,0
BE,"2026-05-27",WA99874,1,0,0,0,0,0,0,0
BE,"2026-05-27",EU29910,0,0,0,0,0,0,1,0
BE,"2026-05-27",TT56834,0,0,0,0,0,0,1,0
BE,"2026-05-28",JC86075,0,0,1,0,0,0,0,0
BE,"2026-05-28",UA84299,0,0,0,0,0,1,0,0
BE,"2026-05-28",AL00843,1,0,0,0,0,0,0,0
BE,"2026-05-28",KB37929,0,0,0,0,0,1,0,0
BE,"2026-05-29",WG36440,1,0,0,0,0,0,0,0
BE,"2026-05-29",US98934,0,1,0,0,0,0,0,0
BE,"2026-05-29",CY83415,0,0,0,0,0,0,1,0
BE,"2026-05-29",JP47115,1,0,0,0,0,0,0,0
BE,"2026-05-29",AD85455,0,0,0,0,1,0,0,0
BE,"2026-05-29",NY78565,1,0,0,0,0,0,0,0
BE,"2026-05-29",KF58233,0,1,0,0,0,0,0,0
BE,"2026-06-02",CH93361,1,0,0,0,0,0,0,0
BE,"2026-06-02",LE06769,0,0,0,0,0,1,0,0
BE,"2026-06-02",GU81657,1,0,0,0,0,0,0,0
BE,"2026-06-03",XR76451,0,0,0,0,1,0,0,0
BE,"2026-06-03",VS24131,0,0,0,0,0,1,0,0
BE,"2026-06-03",SE18005,0,1,0,0,0,0,0,0
BE,"2026-06-03",EF67739,0,0,0,0,0,1,0,0
BE,"2026-06-04",JW23192,1,0,0,0,0,0,0,0
BE,"2026-06-04",TN88627,1,0,0,0,0,0,0,0
BE,"2026-06-04",XR76451,0,0,1,0,0,0,0,0
BE,"2026-06-04",NJ89650,0,0,0,0,0,1,0,0
BE,"2026-06-06",MR34921,0,0,0,0,0,1,0,0
BE,"2026-06-06",UH27371,1,0,0,0,0,0,0,0
BE,"2026-06-08",UH82857,1,0,0,0,0,0,0,0
BE,"2026-06-08",CV13546,1,0,0,0,0,0,0,0
BE,"2026-06-09",GA59833,0,0,0,0,0,0,1,0
BE,"2026-06-09",PL80385,1,0,0,0,0,0,0,0
BE,"2026-06-11",KT04790,1,0,0,0,0,0,0,0
BE,"2026-06-11",LZ56475,1,0,0,0,0,0,0,0
BE,"2026-06-11",EK84104,1,0,0,0,0,0,0,0
BE,"2026-06-11",JR84344,1,0,0,0,0,0,0,0
BE,"2026-06-11",CA63423,1,0,0,0,0,0,0,0
BE,"2026-06-12",HR78874,0,0,1,0,0,0,0,0
BE,"2026-06-12",MF38448,0,0,0,0,0,0,1,0
BE,"2026-06-13",ED05464,1,0,0,0,0,0,0,0
BE,"2026-06-16",UD79140,0,1,0,0,0,0,0,0
BE,"2026-06-16",BF58848,1,0,0,0,0,0,0,0
BE,"2026-06-17",CN84373,1,0,0,0,0,0,0,0
BE,"2026-06-17",ES95346,1,0,0,0,0,0,0,0
BE,"2026-06-17",ET98359,0,0,0,0,0,1,0,0
BE,"2026-06-19",KJ94176,0,0,0,0,0,1,0,0
DE,"2026-04-24",JM94667,1,0,0,0,0,0,0,0
DE,"2026-04-27",YG49559,1,0,0,0,0,0,0,0
DE,"2026-04-27",LX26919,0,1,0,0,0,0,0,0
DE,"2026-04-27",PY36980,0,0,0,0,0,1,0,0
DE,"2026-04-29",FS03251,0,0,0,0,0,1,0,0
DE,"2026-04-29",LJ28461,0,0,0,0,0,1,0,0
DE,"2026-04-30",YV26595,1,0,0,0,0,0,0,0
DE,"2026-05-01",VH31480,0,0,1,0,0,0,0,0
DE,"2026-05-04",DX22133,0,0,1,0,0,0,0,0
DE,"2026-05-04",UX55830,0,1,0,0,0,0,0,0
DE,"2026-05-04",UH90465,1,0,0,0,0,0,0,0
DE,"2026-05-05",CM57076,1,0,0,0,0,0,0,0
DE,"2026-05-05",RZ65952,1,0,0,0,0,0,0,0
DE,"2026-05-05",MV28349,1,0,0,0,0,0,0,0
DE,"2026-05-05",BS57048,1,0,0,0,0,0,0,0
DE,"2026-05-05",EU56474,0,0,1,0,0,0,0,0
DE,"2026-05-05",ZP29583,0,0,0,0,0,1,0,0
DE,"2026-05-06",LJ16482,1,0,0,0,0,0,0,0
DE,"2026-05-08",JK45000,0,0,0,1,0,0,0,0
DE,"2026-05-11",VL97522,1,0,0,0,0,0,0,0
DE,"2026-05-12",LA29291,0,1,0,0,0,0,0,0
DE,"2026-05-13",YE43693,1,0,0,0,0,0,0,0
DE,"2026-05-15",VK55840,1,0,0,0,0,0,0,0
DE,"2026-05-16",BW00867,0,0,1,0,0,0,0,0
DE,"2026-05-19",AM15259,1,0,0,0,0,0,0,0
DE,"2026-05-19",DS41786,1,0,0,0,0,0,0,0
DE,"2026-05-20",SB80172,0,0,1,0,0,0,0,0
DE,"2026-05-20",JJ95087,0,0,0,0,0,0,1,0
DE,"2026-05-27",AB53913,0,0,0,0,0,0,1,0
DE,"2026-05-27",VX41010,0,0,1,0,0,0,0,0
DE,"2026-05-27",SL97664,0,0,0,0,1,0,0,0
DE,"2026-05-28",YE83316,0,1,0,0,0,0,0,0
DE,"2026-05-29",RX46568,0,1,0,0,0,0,0,0
DE,"2026-05-29",DT82476,0,1,0,0,0,0,0,0
DE,"2026-05-29",PR10288,0,1,0,0,0,0,0,0
DE,"2026-05-30",YN90337,0,0,0,0,0,0,1,0
DE,"2026-06-01",TZ44789,0,0,0,0,1,0,0,0
DE,"2026-06-01",LM76504,0,1,0,0,0,0,0,0
DE,"2026-06-02",MA63849,0,0,0,1,0,0,0,0
DE,"2026-06-02",WZ79972,1,0,0,0,0,0,0,0
DE,"2026-06-02",LP81474,1,0,0,0,0,0,0,0
DE,"2026-06-02",YL71715,1,0,0,0,0,0,0,0
DE,"2026-06-03",NL51435,1,0,0,0,0,0,0,0
DE,"2026-06-04",CA86803,0,0,0,0,1,0,0,0
DE,"2026-06-06",WG58060,0,1,0,0,0,0,0,0
DE,"2026-06-08",HD42980,1,0,0,0,0,0,0,0
DE,"2026-06-09",ED30878,0,0,0,1,0,0,0,0
DE,"2026-06-09",BC31868,1,0,0,0,0,0,0,0
DE,"2026-06-09",RV10997,0,0,1,0,0,0,0,0
DE,"2026-06-10",LT22165,0,0,0,0,1,0,0,0
DE,"2026-06-10",ZL65452,0,1,0,0,0,0,0,0
DE,"2026-06-11",AJ96527,1,0,0,0,0,0,0,0
DE,"2026-06-11",FS95422,0,0,1,0,0,0,0,0
DE,"2026-06-12",AY00818,1,0,0,0,0,0,0,0
DE,"2026-06-12",YX42978,1,0,0,0,0,0,0,0
DE,"2026-06-12",JU23756,0,0,1,0,0,0,0,0
DE,"2026-06-13",VG81813,1,0,0,0,0,0,0,0
DE,"2026-06-13",SB64289,1,0,0,0,0,0,0,0
DE,"2026-06-16",AB08081,1,0,0,0,0,0,0,0
DE,"2026-06-16",EG69495,1,0,0,0,0,0,0,0
DE,"2026-06-17",WL15042,1,0,0,0,0,0,0,0
DE,"2026-06-17",XH77208,0,0,1,0,0,0,0,0
DE,"2026-06-18",AH52647,0,0,0,0,0,1,0,0
DE,"2026-06-19",GL54477,0,0,0,0,1,0,0,0
DE,"2026-06-19",SG87355,0,0,0,0,1,0,0,0
DE,"2026-06-19",UK92319,0,0,0,0,1,0,0,0
DE,"2026-06-19",YJ49839,0,0,0,0,1,0,0,0
DE,"2026-06-19",XZ18145,1,0,0,0,0,0,0,0
DE,"2026-06-19",SF07328,1,0,0,0,0,0,0,0
DE,"2026-06-19",TX87789,0,0,0,0,0,0,1,0
DE,"2026-06-20",DY94911,0,0,0,0,1,0,0,0
DE,"2026-06-20",DD95346,0,0,0,0,0,0,1,0
DE,"2026-06-22",RB91093,0,0,0,1,0,0,0,0
DE,"2026-06-22",AB84956,0,1,0,0,0,0,0,0
DE,"2026-06-22",UG99758,0,0,0,0,0,0,1,0
DE,"2026-06-22",WD88582,1,0,0,0,0,0,0,0
DE,"2026-06-23",LK46675,0,0,0,1,0,0,0,0
DE,"2026-06-23",EN89916,1,0,0,0,0,0,0,0
ES,"2026-04-24",YS58403,0,0,0,0,0,0,1,0
ES,"2026-04-27",KE05351,0,1,0,0,0,0,0,0
ES,"2026-04-27",GY93606,0,0,0,1,0,0,0,0
ES,"2026-04-28",YB67959,0,0,0,0,0,0,1,0
ES,"2026-04-28",RN01665,0,0,0,0,0,0,1,0
ES,"2026-04-29",KC93562,0,0,0,0,0,0,1,0
ES,"2026-04-29",PZ30356,0,0,0,0,1,0,0,0
ES,"2026-04-29",FP60572,0,0,0,0,0,0,1,0
ES,"2026-04-29",PV17118,0,0,0,0,0,1,0,0
ES,"2026-04-30",XA70289,0,0,0,0,0,1,0,0
ES,"2026-04-30",FX68101,1,0,0,0,0,0,0,0
ES,"2026-05-02",TU62336,0,0,1,0,0,0,0,0
ES,"2026-05-02",AS04812,0,0,1,0,0,0,0,0
ES,"2026-05-03",KH93028,0,0,0,1,0,0,0,0
ES,"2026-05-04",ZR47935,0,0,0,1,0,0,0,0
ES,"2026-05-04",SX47964,0,0,0,0,1,0,0,0
ES,"2026-05-04",PU66120,0,0,1,0,0,0,0,0
ES,"2026-05-04",ED90794,0,0,1,0,0,0,0,0
ES,"2026-05-05",ZZ69996,0,0,0,0,0,1,0,0
ES,"2026-05-06",VC35030,0,1,0,0,0,0,0,0
ES,"2026-05-06",TG77318,0,0,1,0,0,0,0,0
ES,"2026-05-06",AY41864,0,0,1,0,0,0,0,0
ES,"2026-05-07",LR27324,0,0,0,0,0,0,1,0
ES,"2026-05-07",RY67506,0,1,0,0,0,0,0,0
ES,"2026-05-07",KE87699,0,1,0,0,0,0,0,0
ES,"2026-05-07",YT74743,0,0,0,0,0,0,1,0
ES,"2026-05-07",JS49801,0,0,0,0,0,1,0,0
ES,"2026-05-08",ER94550,0,0,1,0,0,0,0,0
ES,"2026-05-08",CA35591,0,0,0,0,0,0,1,0
ES,"2026-05-09",FC71641,0,0,0,0,0,0,1,0
ES,"2026-05-09",TL60908,0,0,0,0,0,0,1,0
ES,"2026-05-09",FN00606,0,0,0,0,0,0,1,0
ES,"2026-05-11",ZW79979,0,0,0,0,0,0,1,0
ES,"2026-05-11",XG34007,0,0,0,0,1,0,0,0
ES,"2026-05-11",BP32413,0,1,0,0,0,0,0,0
ES,"2026-05-11",JF33359,0,0,0,0,0,1,0,0
ES,"2026-05-12",KS19504,0,0,0,0,0,0,1,0
ES,"2026-05-12",BP32413,0,0,0,0,1,0,0,0
ES,"2026-05-12",XP83913,1,0,0,0,0,0,0,0
ES,"2026-05-12",JE81630,0,0,0,0,0,1,0,0
ES,"2026-05-12",ZS01468,0,0,1,0,0,0,0,0
ES,"2026-05-12",JB14663,0,0,0,0,1,0,0,0
ES,"2026-05-12",EH91660,0,0,0,0,0,1,0,0
ES,"2026-05-12",GT13909,0,1,0,0,0,0,0,0
ES,"2026-05-12",EG05033,0,0,0,0,1,0,0,0
ES,"2026-05-13",DR36397,0,0,0,0,1,0,0,0
ES,"2026-05-14",WF13753,0,0,0,0,0,0,1,0
ES,"2026-05-14",EL52252,0,0,0,1,0,0,0,0
ES,"2026-05-14",LL90613,0,0,1,0,0,0,0,0
ES,"2026-05-15",RZ20219,0,0,0,0,0,0,1,0
ES,"2026-05-16",KW83363,0,0,0,0,0,0,1,0
ES,"2026-05-17",LX23759,0,1,0,0,0,0,0,0
ES,"2026-05-18",AM51720,0,0,0,0,0,0,1,0
ES,"2026-05-18",JF11609,0,0,0,0,1,0,0,0
ES,"2026-05-18",XV43864,0,0,0,0,0,1,0,0
ES,"2026-05-19",ZJ88351,0,0,1,0,0,0,0,0
ES,"2026-05-19",HM09061,0,0,1,0,0,0,0,0
ES,"2026-05-20",MJ67108,0,0,0,0,0,0,1,0
ES,"2026-05-20",WS83002,0,0,0,1,0,0,0,0
ES,"2026-05-20",LP62277,1,0,0,0,0,0,0,0
ES,"2026-05-21",KN01125,0,0,0,0,0,0,1,0
ES,"2026-05-21",DD72239,0,1,0,0,0,0,0,0
ES,"2026-05-22",PT27088,0,0,0,0,1,0,0,0
ES,"2026-05-22",JJ26745,0,0,0,0,1,0,0,0
ES,"2026-05-25",GG16838,0,1,0,0,0,0,0,0
ES,"2026-05-25",SL40674,0,0,0,0,1,0,0,0
ES,"2026-05-26",NC59947,0,0,0,0,0,1,0,0
ES,"2026-05-26",YP01164,0,0,0,0,0,1,0,0
ES,"2026-05-27",UZ98196,0,0,0,0,0,1,0,0
ES,"2026-05-27",GF42022,0,1,0,0,0,0,0,0
ES,"2026-05-27",PK42599,0,0,0,0,0,0,1,0
ES,"2026-05-27",PK52676,0,0,0,0,0,0,1,0
ES,"2026-05-27",RW04632,0,0,0,0,1,0,0,0
ES,"2026-05-27",CN92581,0,0,0,0,1,0,0,0
ES,"2026-05-28",MC46855,0,0,0,0,1,0,0,0
ES,"2026-05-29",MP10879,0,0,0,0,1,0,0,0
ES,"2026-05-29",UP29018,0,0,0,0,1,0,0,0
ES,"2026-05-29",DJ51106,1,0,0,0,0,0,0,0
ES,"2026-05-29",BK89241,0,0,0,0,1,0,0,0
ES,"2026-05-29",CR99851,0,0,0,0,1,0,0,0
ES,"2026-05-29",GX72418,0,0,0,0,1,0,0,0
ES,"2026-05-30",ey26522,0,0,1,0,0,0,0,0
ES,"2026-06-01",BB57224,0,0,0,1,0,0,0,0
ES,"2026-06-01",DL56360,0,1,0,0,0,0,0,0
ES,"2026-06-01",YK92453,0,0,0,0,1,0,0,0
ES,"2026-06-01",EB08097,0,0,1,0,0,0,0,0
ES,"2026-06-02",ND96283,0,0,0,1,0,0,0,0
ES,"2026-06-03",ZF81732,0,0,0,1,0,0,0,0
ES,"2026-06-03",FK62734,0,1,0,0,0,0,0,0
ES,"2026-06-03",NJ74298,0,1,0,0,0,0,0,0
ES,"2026-06-03",UG69125,0,1,0,0,0,0,0,0
ES,"2026-06-05",HK18692,0,0,0,0,1,0,0,0
ES,"2026-06-05",KP83303,0,0,0,0,1,0,0,0
ES,"2026-06-05",FN17958,0,0,0,0,1,0,0,0
ES,"2026-06-05",KM00962,0,0,0,0,1,0,0,0
ES,"2026-06-07",RZ14241,0,0,0,0,1,0,0,0
ES,"2026-06-07",AJ23699,0,0,1,0,0,0,0,0
ES,"2026-06-07",JL86919,0,0,1,0,0,0,0,0
ES,"2026-06-10",BP90173,0,0,0,0,0,1,0,0
ES,"2026-06-11",EE24174,0,0,0,0,0,0,1,0
ES,"2026-06-11",CC44845,0,0,0,0,0,0,1,0
ES,"2026-06-11",CC44845,0,0,0,0,1,0,0,0
ES,"2026-06-11",AH46244,0,1,0,0,0,0,0,0
ES,"2026-06-11",BA04869,0,0,1,0,0,0,0,0
ES,"2026-06-12",GR29656,0,0,0,0,1,0,0,0
ES,"2026-06-12",KX23987,0,0,0,0,1,0,0,0
ES,"2026-06-12",MW35342,0,0,0,0,1,0,0,0
ES,"2026-06-12",ND48190,0,0,0,0,0,0,1,0
ES,"2026-06-13",BA79004,0,1,0,0,0,0,0,0
ES,"2026-06-15",HC65624,0,0,0,0,1,0,0,0
ES,"2026-06-16",RG36605,0,0,0,0,1,0,0,0
ES,"2026-06-16",YR95516,0,0,0,0,0,0,1,0
ES,"2026-06-16",ZC08046,0,0,0,1,0,0,0,0
ES,"2026-06-16",UF19784,0,0,1,0,0,0,0,0
ES,"2026-06-16",VP70386,1,0,0,0,0,0,0,0
ES,"2026-06-18",LD86655,0,0,0,0,1,0,0,0
ES,"2026-06-18",XF51056,0,0,0,0,1,0,0,0
ES,"2026-06-19",UP84761,0,0,0,0,0,0,1,0
ES,"2026-06-19",RZ94727,0,0,0,0,1,0,0,0
ES,"2026-06-19",AX03235,0,0,0,0,0,1,0,0
ES,"2026-06-19",NV81923,0,0,0,0,0,1,0,0
ES,"2026-06-19",LZ29677,0,0,0,0,1,0,0,0
ES,"2026-06-20",BK30407,0,0,1,0,0,0,0,0
ES,"2026-06-20",FL99832,0,0,0,0,0,0,1,0
ES,"2026-06-22",VA91360,0,0,0,0,1,0,0,0
ES,"2026-06-22",RG07808,0,0,0,0,0,1,0,0
FR,"2026-04-24",PX74543,0,0,0,1,0,0,0,0
FR,"2026-04-24",FC07555,1,0,0,0,0,0,0,0
FR,"2026-04-24",EM77949,1,0,0,0,0,0,0,0
FR,"2026-04-25",WM58000,1,0,0,0,0,0,0,0
FR,"2026-04-25",WM55406,0,0,0,1,0,0,0,0
FR,"2026-04-25",HS42135,0,0,0,0,0,0,1,0
FR,"2026-04-25",VF18635,0,1,0,0,0,0,0,0
FR,"2026-04-27",TL38236,1,0,0,0,0,0,0,0
FR,"2026-04-27",BG49254,0,0,1,0,0,0,0,0
FR,"2026-04-27",MZ17439,1,0,0,0,0,0,0,0
FR,"2026-04-27",AC06304,0,0,1,0,0,0,0,0
FR,"2026-04-27",GK07027,1,0,0,0,0,0,0,0
FR,"2026-04-27",BS48570,1,0,0,0,0,0,0,0
FR,"2026-04-27",JS78184,1,0,0,0,0,0,0,0
FR,"2026-04-27",CV85061,1,0,0,0,0,0,0,0
FR,"2026-04-27",WW07298,0,1,0,0,0,0,0,0
FR,"2026-04-27",UX39236,1,0,0,0,0,0,0,0
FR,"2026-04-27",MF20639,0,1,0,0,0,0,0,0
FR,"2026-04-27",ST72385,0,0,0,0,0,0,1,0
FR,"2026-04-27",RC70331,0,1,0,0,0,0,0,0
FR,"2026-04-27",ND44299,0,1,0,0,0,0,0,0
FR,"2026-04-28",NX38444,1,0,0,0,0,0,0,0
FR,"2026-04-28",AX47793,1,0,0,0,0,0,0,0
FR,"2026-04-28",KH15345,0,1,0,0,0,0,0,0
FR,"2026-04-28",SA96020,0,0,0,1,0,0,0,0
FR,"2026-04-28",XD87360,0,0,0,0,0,0,1,0
FR,"2026-04-28",HB19922,0,1,0,0,0,0,0,0
FR,"2026-04-29",HT19822,0,0,0,0,0,0,1,0
FR,"2026-04-29",GU31406,1,0,0,0,0,0,0,0
FR,"2026-04-29",XE95399,1,0,0,0,0,0,0,0
FR,"2026-04-30",DK18803,0,1,0,0,0,0,0,0
FR,"2026-04-30",TB62719,0,0,0,0,0,0,1,0
FR,"2026-04-30",TG16078,1,0,0,0,0,0,0,0
FR,"2026-05-02",KS36055,1,0,0,0,0,0,0,0
FR,"2026-05-02",SB34045,0,0,0,0,0,1,0,0
FR,"2026-05-02",LS27936,1,0,0,0,0,0,0,0
FR,"2026-05-02",JV75731,1,0,0,0,0,0,0,0
FR,"2026-05-04",BD56725,0,0,0,1,0,0,0,0
FR,"2026-05-04",JR91593,0,0,0,0,0,0,0,1
FR,"2026-05-04",GZ31359,0,1,0,0,0,0,0,0
FR,"2026-05-05",LZ56120,0,0,1,0,0,0,0,0
FR,"2026-05-05",TA19930,0,0,0,0,0,0,1,0
FR,"2026-05-05",SR31131,0,1,0,0,0,0,0,0
FR,"2026-05-06",FL63112,0,0,0,0,0,0,1,0
FR,"2026-05-07",VD65556,0,1,0,0,0,0,0,0
FR,"2026-05-07",JR91593,0,0,0,0,0,0,0,1
FR,"2026-05-07",WM58000,0,0,0,0,0,0,0,1
FR,"2026-05-07",WS07502,0,0,0,1,0,0,0,0
FR,"2026-05-07",DL15305,0,0,0,0,0,0,1,0
FR,"2026-05-07",SJ16352,1,0,0,0,0,0,0,0
FR,"2026-05-07",ZY02491,0,1,0,0,0,0,0,0
FR,"2026-05-07",WJ64195,1,0,0,0,0,0,0,0
FR,"2026-05-09",GG63952,0,0,0,0,0,0,0,1
FR,"2026-05-09",TA84220,0,0,0,0,0,0,1,0
FR,"2026-05-09",WV59826,1,0,0,0,0,0,0,0
FR,"2026-05-09",LU73306,1,0,0,0,0,0,0,0
FR,"2026-05-09",CH22137,0,0,1,0,0,0,0,0
FR,"2026-05-09",AD68047,0,0,0,0,0,0,1,0
FR,"2026-05-09",YR32389,0,0,0,0,0,0,1,0
FR,"2026-05-09",AE56474,1,0,0,0,0,0,0,0
FR,"2026-05-11",US18699,0,0,0,0,1,0,0,0
FR,"2026-05-11",NS50561,0,0,0,0,0,0,1,0
FR,"2026-05-11",RA50564,1,0,0,0,0,0,0,0
FR,"2026-05-11",NM68008,0,0,0,0,0,0,1,0
FR,"2026-05-11",XX08728,1,0,0,0,0,0,0,0
FR,"2026-05-11",BE54480,0,1,0,0,0,0,0,0
FR,"2026-05-11",RU67268,1,0,0,0,0,0,0,0
FR,"2026-05-11",JC64890,1,0,0,0,0,0,0,0
FR,"2026-05-11",AM65251,0,1,0,0,0,0,0,0
FR,"2026-05-11",FC10544,1,0,0,0,0,0,0,0
FR,"2026-05-11",AB57974,1,0,0,0,0,0,0,0
FR,"2026-05-12",MK43942,0,1,0,0,0,0,0,0
FR,"2026-05-12",JM36242,0,0,0,0,0,0,1,0
FR,"2026-05-12",GF62365,0,1,0,0,0,0,0,0
FR,"2026-05-12",AT14009,0,1,0,0,0,0,0,0
FR,"2026-05-12",NE36326,1,0,0,0,0,0,0,0
FR,"2026-05-12",FZ40048,0,0,0,1,0,0,0,0
FR,"2026-05-12",XX53898,1,0,0,0,0,0,0,0
FR,"2026-05-12",FS49533,0,1,0,0,0,0,0,0
FR,"2026-05-13",NP40877,1,0,0,0,0,0,0,0
FR,"2026-05-13",DK42470,0,1,0,0,0,0,0,0
FR,"2026-05-13",ST99082,0,0,0,1,0,0,0,0
FR,"2026-05-13",KZ38297,1,0,0,0,0,0,0,0
FR,"2026-05-13",ME50288,1,0,0,0,0,0,0,0
FR,"2026-05-13",SE55058,0,0,0,0,0,0,1,0
FR,"2026-05-13",KV58843,1,0,0,0,0,0,0,0
FR,"2026-05-15",WB64381,1,0,0,0,0,0,0,0
FR,"2026-05-15",MA56334,0,0,0,0,0,0,1,0
FR,"2026-05-15",PB54385,0,0,0,0,0,0,1,0
FR,"2026-05-15",JY06936,0,0,0,0,0,0,1,0
FR,"2026-05-15",DJ64439,0,1,0,0,0,0,0,0
FR,"2026-05-15",LB32786,1,0,0,0,0,0,0,0
FR,"2026-05-15",GW17855,1,0,0,0,0,0,0,0
FR,"2026-05-15",JY06936,0,0,0,0,0,0,0,1
FR,"2026-05-15",PB54385,0,0,0,0,0,0,0,1
FR,"2026-05-16",FU41552,1,0,0,0,0,0,0,0
FR,"2026-05-16",YU26154,0,1,0,0,0,0,0,0
FR,"2026-05-16",FG28572,0,0,0,0,0,1,0,0
FR,"2026-05-16",FM43428,0,0,0,0,0,0,1,0
FR,"2026-05-16",SG30685,1,0,0,0,0,0,0,0
FR,"2026-05-18",JG70009,0,0,0,0,0,0,1,0
FR,"2026-05-18",YU18033,1,0,0,0,0,0,0,0
FR,"2026-05-18",WZ35827,0,0,0,0,0,0,0,1
FR,"2026-05-18",NM78660,0,0,1,0,0,0,0,0
FR,"2026-05-18",MC36275,0,1,0,0,0,0,0,0
FR,"2026-05-18",MG36680,1,0,0,0,0,0,0,0
FR,"2026-05-18",WR85245,0,1,0,0,0,0,0,0
FR,"2026-05-18",EL91817,0,0,0,0,0,0,1,0
FR,"2026-05-18",WA39842,0,1,0,0,0,0,0,0
FR,"2026-05-18",FZ88208,0,1,0,0,0,0,0,0
FR,"2026-05-18",UE59797,1,0,0,0,0,0,0,0
FR,"2026-05-18",BW42178,1,0,0,0,0,0,0,0
FR,"2026-05-19",GM68903,1,0,0,0,0,0,0,0
FR,"2026-05-19",KT32445,0,1,0,0,0,0,0,0
FR,"2026-05-19",VD07916,0,0,0,0,0,0,1,0
FR,"2026-05-19",RK64209,0,1,0,0,0,0,0,0
FR,"2026-05-19",PJ40724,0,0,0,0,0,0,1,0
FR,"2026-05-19",DM23959,1,0,0,0,0,0,0,0
FR,"2026-05-19",HG09324,0,1,0,0,0,0,0,0
FR,"2026-05-19",YY91570,0,0,1,0,0,0,0,0
FR,"2026-05-19",XX53898,1,0,0,0,0,0,0,0
FR,"2026-05-19",VU88739,1,0,0,0,0,0,0,0
FR,"2026-05-19",AP23085,0,0,1,0,0,0,0,0
FR,"2026-05-19",UT72354,0,0,1,0,0,0,0,0
FR,"2026-05-19",BC45847,0,0,1,0,0,0,0,0
FR,"2026-05-19",JG70009,0,0,1,0,0,0,0,0
FR,"2026-05-19",EL91817,0,0,1,0,0,0,0,0
FR,"2026-05-19",JS38058,0,0,1,0,0,0,0,0
FR,"2026-05-20",LC73210,1,0,0,0,0,0,0,0
FR,"2026-05-20",DX65113,0,0,0,0,0,0,1,0
FR,"2026-05-20",VX24660,0,0,0,1,0,0,0,0
FR,"2026-05-20",YY91570,0,0,1,0,0,0,0,0
FR,"2026-05-20",BC45847,0,0,1,0,0,0,0,0
FR,"2026-05-20",SE55058,0,0,0,0,0,0,1,0
FR,"2026-05-20",EU14095,1,0,0,0,0,0,0,0
FR,"2026-05-20",LU69308,0,0,1,0,0,0,0,0
FR,"2026-05-20",BH82815,0,0,1,0,0,0,0,0
FR,"2026-05-21",EE97850,0,0,0,0,1,0,0,0
FR,"2026-05-21",EK64241,1,0,0,0,0,0,0,0
FR,"2026-05-21",UV66255,0,0,0,0,0,0,0,1
FR,"2026-05-21",TT47591,1,0,0,0,0,0,0,0
FR,"2026-05-22",ZD76299,1,0,0,0,0,0,0,0
FR,"2026-05-22",ED18236,0,0,0,0,0,0,1,0
FR,"2026-05-22",VZ39094,1,0,0,0,0,0,0,0
FR,"2026-05-22",YB62358,0,0,0,0,0,0,1,0
FR,"2026-05-22",EH05844,1,0,0,0,0,0,0,0
FR,"2026-05-23",CY42018,1,0,0,0,0,0,0,0
FR,"2026-05-23",BE50135,0,0,0,0,0,0,1,0
FR,"2026-05-23",CA71254,1,0,0,0,0,0,0,0
FR,"2026-05-23",UD71851,1,0,0,0,0,0,0,0
FR,"2026-05-26",JT96765,0,1,0,0,0,0,0,0
FR,"2026-05-26",ZV72427,0,0,0,0,0,0,0,1
FR,"2026-05-26",YB67831,1,0,0,0,0,0,0,0
FR,"2026-05-26",ZR53174,0,0,0,0,0,0,1,0
FR,"2026-05-26",XR07918,0,0,0,0,0,0,0,1
FR,"2026-05-26",WN41614,1,0,0,0,0,0,0,0
FR,"2026-05-26",TM32384,0,0,0,0,0,0,1,0
FR,"2026-05-26",FW14314,1,0,0,0,0,0,0,0
FR,"2026-05-26",WR32122,0,0,0,0,0,0,1,0
FR,"2026-05-27",YL40353,1,0,0,0,0,0,0,0
FR,"2026-05-27",BX73262,0,0,0,0,0,1,0,0
FR,"2026-05-28",BM06066,0,0,0,0,0,1,0,0
FR,"2026-05-28",TJ44233,0,0,0,0,0,0,1,0
FR,"2026-05-28",WX28089,0,0,0,0,0,0,0,1
FR,"2026-05-28",LW53916,0,0,0,1,0,0,0,0
FR,"2026-05-29",YS65598,1,0,0,0,0,0,0,0
FR,"2026-05-29",SM10073,0,0,0,0,0,0,1,0
FR,"2026-05-29",VM50052,1,0,0,0,0,0,0,0
FR,"2026-05-29",VX24660,0,0,0,0,0,0,1,0
FR,"2026-05-29",BV43213,1,0,0,0,0,0,0,0
FR,"2026-05-29",WV68972,1,0,0,0,0,0,0,0
FR,"2026-05-29",PN26165,0,0,0,0,0,0,1,0
FR,"2026-05-29",PZ03996,1,0,0,0,0,0,0,0
FR,"2026-05-29",UA11056,0,0,0,0,0,0,1,0
FR,"2026-05-29",ZV52742,1,0,0,0,0,0,0,0
FR,"2026-05-29",VX19499,1,0,0,0,0,0,0,0
FR,"2026-05-30",UP63784,1,0,0,0,0,0,0,0
FR,"2026-05-30",KS87303,1,0,0,0,0,0,0,0
FR,"2026-05-30",TJ71447,0,1,0,0,0,0,0,0
FR,"2026-05-30",HF99324,1,0,0,0,0,0,0,0
FR,"2026-06-02",YB29243,1,0,0,0,0,0,0,0
FR,"2026-06-02",XA79300,0,0,1,0,0,0,0,0
FR,"2026-06-02",KJ25815,0,0,0,0,0,0,1,0
FR,"2026-06-02",JE57440,1,0,0,0,0,0,0,0
FR,"2026-06-02",BS21429,0,0,0,0,0,0,1,0
FR,"2026-06-02",HY21703,1,0,0,0,0,0,0,0
FR,"2026-06-02",LY02081,0,0,0,0,0,0,1,0
FR,"2026-06-02",CV88382,1,0,0,0,0,0,0,0
FR,"2026-06-02",EV31451,0,0,0,0,1,0,0,0
FR,"2026-06-02",KW40413,1,0,0,0,0,0,0,0
FR,"2026-06-02",BX10592,1,0,0,0,0,0,0,0
FR,"2026-06-03",VU34259,1,0,0,0,0,0,0,0
FR,"2026-06-03",LB17868,0,0,0,0,0,0,0,1
FR,"2026-06-03",CS40825,0,0,0,0,0,0,0,1
FR,"2026-06-03",LW44606,1,0,0,0,0,0,0,0
FR,"2026-06-03",WZ32715,1,0,0,0,0,0,0,0
FR,"2026-06-04",YG70852,0,0,0,0,0,0,1,0
FR,"2026-06-04",UR50652,0,0,0,0,0,0,0,1
FR,"2026-06-04",VM39908,1,0,0,0,0,0,0,0
FR,"2026-06-04",UD09266,0,0,0,0,0,0,0,1
FR,"2026-06-04",HM80102,0,0,0,0,0,1,0,0
FR,"2026-06-04",WZ52854,0,0,0,0,0,0,0,1
FR,"2026-06-05",VB26429,0,0,1,0,0,0,0,0
FR,"2026-06-05",HP83880,0,0,0,0,0,0,0,1
FR,"2026-06-05",UR79286,0,0,0,0,0,0,0,1
FR,"2026-06-05",WK19795,1,0,0,0,0,0,0,0
FR,"2026-06-05",WM46875,0,0,0,0,0,0,1,0
FR,"2026-06-05",RX62322,1,0,0,0,0,0,0,0
FR,"2026-06-05",KV14527,0,0,0,0,0,1,0,0
FR,"2026-06-05",JC78488,1,0,0,0,0,0,0,0
FR,"2026-06-05",LC17729,0,0,0,0,0,0,1,0
FR,"2026-06-06",RC45857,0,0,1,0,0,0,0,0
FR,"2026-06-06",FY78180,1,0,0,0,0,0,0,0
FR,"2026-06-06",CG42593,0,0,0,0,0,0,1,0
FR,"2026-06-06",LF43254,1,0,0,0,0,0,0,0
FR,"2026-06-08",EV01615,1,0,0,0,0,0,0,0
FR,"2026-06-08",ZD83053,1,0,0,0,0,0,0,0
FR,"2026-06-08",TK55887,0,0,0,0,0,0,1,0
FR,"2026-06-08",UU33595,0,0,0,0,0,1,0,0
FR,"2026-06-08",FG91569,0,1,0,0,0,0,0,0
FR,"2026-06-08",NM22665,1,0,0,0,0,0,0,0
FR,"2026-06-08",ZK67290,0,0,0,0,1,0,0,0
FR,"2026-06-09",NL92769,1,0,0,0,0,0,0,0
FR,"2026-06-09",RT27072,1,0,0,0,0,0,0,0
FR,"2026-06-09",ZW51410,0,1,0,0,0,0,0,0
FR,"2026-06-09",PR30977,0,0,0,0,0,0,1,0
FR,"2026-06-09",HG28354,0,0,1,0,0,0,0,0
FR,"2026-06-09",SX14989,0,0,0,0,0,0,1,0
FR,"2026-06-09",WK10324,0,0,0,0,0,0,1,0
FR,"2026-06-10",TR07230,0,0,0,0,1,0,0,0
FR,"2026-06-10",BX97880,0,0,0,0,0,0,1,0
FR,"2026-06-10",NJ66009,0,0,1,0,0,0,0,0
FR,"2026-06-11",PN73575,1,0,0,0,0,0,0,0
FR,"2026-06-11",UY81319,0,0,0,0,1,0,0,0
FR,"2026-06-11",AZ04809,1,0,0,0,0,0,0,0
FR,"2026-06-11",CC74749,0,1,0,0,0,0,0,0
FR,"2026-06-11",TD47608,0,0,0,0,0,0,0,1
FR,"2026-06-12",NG69381,0,0,0,0,0,0,1,0
FR,"2026-06-12",BT57533,0,0,0,0,1,0,0,0
FR,"2026-06-13",RD97701,1,0,0,0,0,0,0,0
FR,"2026-06-13",KG96436,0,1,0,0,0,0,0,0
FR,"2026-06-13",YY91088,1,0,0,0,0,0,0,0
FR,"2026-06-13",WM51223,0,0,0,0,0,0,1,0
FR,"2026-06-13",ZW65513,1,0,0,0,0,0,0,0
FR,"2026-06-15",FJ75459,0,0,0,1,0,0,0,0
FR,"2026-06-15",CU81183,1,0,0,0,0,0,0,0
FR,"2026-06-15",GV93283,1,0,0,0,0,0,0,0
FR,"2026-06-15",GP36668,0,0,0,0,1,0,0,0
FR,"2026-06-15",YD14734,1,0,0,0,0,0,0,0
FR,"2026-06-16",DD99029,0,0,1,0,0,0,0,0
FR,"2026-06-16",VR94239,1,0,0,0,0,0,0,0
FR,"2026-06-16",PL67150,0,0,0,0,0,0,1,0
FR,"2026-06-16",UD00962,0,1,0,0,0,0,0,0
FR,"2026-06-16",PF12137,1,0,0,0,0,0,0,0
FR,"2026-06-16",WH20954,1,0,0,0,0,0,0,0
FR,"2026-06-17",YE19946,0,0,0,0,0,0,1,0
FR,"2026-06-17",KT18267,0,1,0,0,0,0,0,0
FR,"2026-06-17",NV96938,0,1,0,0,0,0,0,0
FR,"2026-06-18",DX73529,0,0,0,1,0,0,0,0
FR,"2026-06-18",PB85426,0,1,0,0,0,0,0,0
FR,"2026-06-18",WL56973,0,1,0,0,0,0,0,0
FR,"2026-06-18",FN49308,0,0,0,1,0,0,0,0
FR,"2026-06-19",VC92385,1,0,0,0,0,0,0,0
FR,"2026-06-19",RD34956,1,0,0,0,0,0,0,0
FR,"2026-06-19",ES38446,1,0,0,0,0,0,0,0
FR,"2026-06-19",YC24063,1,0,0,0,0,0,0,0
FR,"2026-06-19",LX82208,0,0,0,1,0,0,0,0
FR,"2026-06-19",ZL37812,1,0,0,0,0,0,0,0
FR,"2026-06-19",AM14857,1,0,0,0,0,0,0,0
FR,"2026-06-19",YV65957,0,0,0,0,0,0,0,1
FR,"2026-06-19",UA99275,0,1,0,0,0,0,0,0
FR,"2026-06-19",ZL98953,1,0,0,0,0,0,0,0
FR,"2026-06-20",XZ86248,1,0,0,0,0,0,0,0
FR,"2026-06-20",VL51025,0,0,1,0,0,0,0,0
FR,"2026-06-20",SL71757,0,1,0,0,0,0,0,0
FR,"2026-06-22",DN86520,1,0,0,0,0,0,0,0
FR,"2026-06-22",HM73259,0,0,0,0,0,0,0,1
FR,"2026-06-22",DD29816,1,0,0,0,0,0,0,0
FR,"2026-06-22",YD33919,0,0,0,0,0,0,1,0
FR,"2026-06-22",NH08930,0,1,0,0,0,0,0,0
FR,"2026-06-22",FY90388,0,1,0,0,0,0,0,0
FR,"2026-06-22",RT49049,1,0,0,0,0,0,0,0
FR,"2026-06-22",MW21203,0,1,0,0,0,0,0,0
FR,"2026-06-23",LT42056,1,0,0,0,0,0,0,0
FR,"2026-06-23",DC44123,0,0,0,0,0,1,0,0
FR,"2026-06-23",GT91552,0,0,1,0,0,0,0,0
IT,"2026-04-24",BD53838,0,0,0,0,0,0,1,0
IT,"2026-04-24",BP16032,0,0,0,0,0,1,0,0
IT,"2026-04-24",GL73592,0,0,0,0,0,0,1,0
IT,"2026-04-24",RN18899,0,0,0,0,1,0,0,0
IT,"2026-04-27",RA58049,0,0,1,0,0,0,0,0
IT,"2026-04-27",CS09811,0,0,0,0,1,0,0,0
IT,"2026-04-27",KZ49881,0,0,0,0,1,0,0,0
IT,"2026-04-27",WH27172,0,0,0,0,1,0,0,0
IT,"2026-04-27",RP18816,0,0,0,0,0,0,1,0
IT,"2026-04-28",YF75872,0,0,0,0,0,0,1,0
IT,"2026-04-28",XC92385,0,0,0,0,1,0,0,0
IT,"2026-04-28",VM90367,0,0,0,0,0,0,1,0
IT,"2026-04-29",RH04637,0,0,0,0,1,0,0,0
IT,"2026-04-29",XS06324,0,0,0,0,1,0,0,0
IT,"2026-04-29",VZ70539,0,0,0,1,0,0,0,0
IT,"2026-04-30",JG26710,0,0,1,0,0,0,0,0
IT,"2026-04-30",FR45159,0,0,0,0,0,0,1,0
IT,"2026-04-30",ZT83404,0,0,0,0,0,1,0,0
IT,"2026-04-30",NZ82248,0,0,0,0,1,0,0,0
IT,"2026-04-30",JV39852,0,0,0,0,1,0,0,0
IT,"2026-05-02",HL81864,0,0,0,1,0,0,0,0
IT,"2026-05-02",BB31449,0,0,0,0,1,0,0,0
IT,"2026-05-02",MP96165,0,0,0,0,1,0,0,0
IT,"2026-05-04",PX29467,0,0,0,0,0,0,1,0
IT,"2026-05-04",KK57992,0,0,0,0,0,0,1,0
IT,"2026-05-04",WR80348,0,0,0,0,1,0,0,0
IT,"2026-05-04",SH45677,0,0,0,0,1,0,0,0
IT,"2026-05-05",PB69176,0,0,0,0,0,0,1,0
IT,"2026-05-05",XU68885,0,0,0,0,1,0,0,0
IT,"2026-05-05",LP42521,0,1,0,0,0,0,0,0
IT,"2026-05-05",UE33768,0,0,1,0,0,0,0,0
IT,"2026-05-05",BZ65440,0,0,0,0,1,0,0,0
IT,"2026-05-05",BY38134,0,0,0,0,1,0,0,0
IT,"2026-05-06",UV87134,0,0,0,0,1,0,0,0
IT,"2026-05-07",VF34636,0,0,1,0,0,0,0,0
IT,"2026-05-08",MW39606,0,0,0,0,1,0,0,0
IT,"2026-05-08",KS61995,0,0,0,0,1,0,0,0
IT,"2026-05-08",ES66246,1,0,0,0,0,0,0,0
IT,"2026-05-09",BR63116,0,0,1,0,0,0,0,0
IT,"2026-05-09",SH51604,0,0,0,0,0,0,1,0
IT,"2026-05-09",PM60519,0,0,1,0,0,0,0,0
IT,"2026-05-09",BL50617,0,0,0,0,0,0,1,0
IT,"2026-05-09",CE09893,0,0,0,0,0,0,1,0
IT,"2026-05-11",TU92412,0,0,0,1,0,0,0,0
IT,"2026-05-11",ML11113,0,0,0,0,0,0,1,0
IT,"2026-05-11",MP77714,0,0,0,0,1,0,0,0
IT,"2026-05-11",ND53477,0,0,0,0,1,0,0,0
IT,"2026-05-11",EB97303,1,0,0,0,0,0,0,0
IT,"2026-05-11",LB82381,0,0,0,0,0,0,1,0
IT,"2026-05-11",FY59876,0,0,0,0,0,0,1,0
IT,"2026-05-12",EM04706,0,0,0,1,0,0,0,0
IT,"2026-05-12",BU90816,0,0,0,0,1,0,0,0
IT,"2026-05-12",DR66866,0,0,0,1,0,0,0,0
IT,"2026-05-12",XY36656,0,0,0,0,0,1,0,0
IT,"2026-05-12",EX40759,0,0,0,0,1,0,0,0
IT,"2026-05-13",JW43685,0,0,0,0,1,0,0,0
IT,"2026-05-13",ZG55049,0,0,1,0,0,0,0,0
IT,"2026-05-13",SN52189,1,0,0,0,0,0,0,0
IT,"2026-05-14",YN34217,0,0,0,0,1,0,0,0
IT,"2026-05-14",KG03299,0,0,0,0,0,0,1,0
IT,"2026-05-15",CX29074,0,0,0,0,1,0,0,0
IT,"2026-05-15",MJ83700,0,0,0,0,1,0,0,0
IT,"2026-05-15",GM74691,0,0,0,0,0,0,1,0
IT,"2026-05-16",VR27278,0,0,0,0,1,0,0,0
IT,"2026-05-16",DN71033,0,1,0,0,0,0,0,0
IT,"2026-05-16",XA41575,0,0,0,0,1,0,0,0
IT,"2026-05-18",RH29134,0,0,0,0,0,0,1,0
IT,"2026-05-18",TK74211,0,0,0,0,1,0,0,0
IT,"2026-05-18",YE97251,0,0,0,0,0,0,1,0
IT,"2026-05-18",GE85761,0,0,0,0,1,0,0,0
IT,"2026-05-18",ZH63985,0,0,1,0,0,0,0,0
IT,"2026-05-18",CD62073,1,0,0,0,0,0,0,0
IT,"2026-05-18",LS77897,0,0,0,0,0,1,0,0
IT,"2026-05-19",SH13558,0,0,0,0,0,0,1,0
IT,"2026-05-19",PT39071,0,0,0,0,1,0,0,0
IT,"2026-05-19",FL46917,0,0,0,0,0,0,1,0
IT,"2026-05-19",LP84483,0,1,0,0,0,0,0,0
IT,"2026-05-19",UG70347,0,0,0,0,0,1,0,0
IT,"2026-05-20",VW81934,0,0,0,0,0,1,0,0
IT,"2026-05-21",EB53066,0,0,0,0,1,0,0,0
IT,"2026-05-21",YY12482,0,0,0,0,1,0,0,0
IT,"2026-05-22",LV07067,0,0,0,0,0,0,1,0
IT,"2026-05-22",NV93112,0,0,0,0,0,0,1,0
IT,"2026-05-23",UR85884,0,0,0,0,0,0,1,0
IT,"2026-05-23",PZ63520,0,0,0,0,0,1,0,0
IT,"2026-05-23",SB25210,0,0,1,0,0,0,0,0
IT,"2026-05-23",VS42634,0,0,0,0,0,0,1,0
IT,"2026-05-23",NM33647,0,0,0,1,0,0,0,0
IT,"2026-05-25",UL75347,0,0,0,0,1,0,0,0
IT,"2026-05-25",BP39833,0,0,0,0,1,0,0,0
IT,"2026-05-25",RW68146,0,0,0,1,0,0,0,0
IT,"2026-05-26",VS14246,0,0,1,0,0,0,0,0
IT,"2026-05-26",PW18371,0,0,0,0,1,0,0,0
IT,"2026-05-27",AU50615,0,0,0,0,1,0,0,0
IT,"2026-05-27",LW58308,0,0,0,0,0,0,1,0
IT,"2026-05-27",VM70327,0,0,0,1,0,0,0,0
IT,"2026-05-28",KB43059,0,0,0,1,0,0,0,0
IT,"2026-05-29",GP08652,0,0,0,0,0,1,0,0
IT,"2026-05-29",MY57431,0,0,0,0,0,0,1,0
IT,"2026-05-29",VD18846,0,0,0,0,1,0,0,0
IT,"2026-05-29",TR72431,0,0,0,0,0,1,0,0
IT,"2026-05-30",GB31205,0,0,1,0,0,0,0,0
IT,"2026-06-01",BN17532,0,0,0,0,0,0,1,0
IT,"2026-06-01",VH08079,0,0,0,0,0,0,1,0
IT,"2026-06-01",GT47996,0,0,0,0,1,0,0,0
IT,"2026-06-01",ZX95768,0,0,0,0,0,1,0,0
IT,"2026-06-01",HZ00623,0,0,0,0,1,0,0,0
IT,"2026-06-03",PA53045,0,0,0,0,1,0,0,0
IT,"2026-06-03",CK78462,0,0,0,0,1,0,0,0
IT,"2026-06-04",AB24670,0,0,0,1,0,0,0,0
IT,"2026-06-04",EY93586,0,0,0,1,0,0,0,0
IT,"2026-06-04",PC01203,0,0,0,0,0,0,1,0
IT,"2026-06-04",YM54669,0,0,1,0,0,0,0,0
IT,"2026-06-05",SG03246,0,0,0,0,1,0,0,0
IT,"2026-06-05",PP58156,0,0,0,0,1,0,0,0
IT,"2026-06-06",PF80621,0,0,0,0,0,0,1,0
IT,"2026-06-06",ME60444,0,0,0,0,1,0,0,0
IT,"2026-06-08",HH43560,0,0,0,0,1,0,0,0
IT,"2026-06-08",WD05858,0,0,0,0,1,0,0,0
IT,"2026-06-08",ZB71201,1,0,0,0,0,0,0,0
IT,"2026-06-09",YJ17676,0,0,0,0,1,0,0,0
IT,"2026-06-09",UM58977,0,0,0,0,1,0,0,0
IT,"2026-06-10",GD43003,0,0,0,0,0,0,1,0
IT,"2026-06-10",MD54726,0,0,1,0,0,0,0,0
IT,"2026-06-11",XM31805,0,0,0,0,0,0,1,0
IT,"2026-06-11",ML18466,0,0,0,0,0,0,1,0
IT,"2026-06-11",KT77782,0,0,0,0,0,0,1,0
IT,"2026-06-12",CG55797,0,0,0,0,0,0,1,0
IT,"2026-06-12",JK08489,0,0,0,0,1,0,0,0
IT,"2026-06-12",KD05862,0,0,0,0,1,0,0,0
IT,"2026-06-12",AT87677,0,0,0,0,1,0,0,0
IT,"2026-06-13",DA06578,0,0,0,0,1,0,0,0
IT,"2026-06-13",VJ73281,0,0,0,0,1,0,0,0
IT,"2026-06-13",SE00850,0,0,0,0,1,0,0,0
IT,"2026-06-13",XH96955,0,0,0,0,1,0,0,0
IT,"2026-06-13",PH62036,0,0,0,0,1,0,0,0
IT,"2026-06-16",FL42086,0,0,0,0,0,1,0,0
IT,"2026-06-16",LB86990,0,0,0,0,0,0,1,0
IT,"2026-06-17",PH50165,0,0,0,0,0,0,1,0
IT,"2026-06-17",NH60072,0,0,0,0,1,0,0,0
IT,"2026-06-18",EX97600,0,0,0,0,1,0,0,0
IT,"2026-06-18",CW51136,0,0,0,1,0,0,0,0
IT,"2026-06-18",LR66390,0,0,0,0,1,0,0,0
IT,"2026-06-18",MX95559,0,0,0,0,0,1,0,0
IT,"2026-06-19",YM09303,0,0,0,0,0,0,1,0
IT,"2026-06-19",XC83313,0,0,0,0,1,0,0,0
IT,"2026-06-19",EU89958,0,0,0,0,1,0,0,0
IT,"2026-06-19",NA80078,0,0,0,0,1,0,0,0
IT,"2026-06-19",GM63870,0,0,0,0,0,0,1,0
IT,"2026-06-19",ZG21069,0,0,0,1,0,0,0,0
IT,"2026-06-19",XZ14513,0,0,1,0,0,0,0,0
IT,"2026-06-19",ZY40990,0,1,0,0,0,0,0,0
IT,"2026-06-19",BU61249,0,0,0,0,0,1,0,0
IT,"2026-06-20",ZD76624,0,0,0,0,0,0,1,0
IT,"2026-06-20",PS93108,0,0,0,0,1,0,0,0
IT,"2026-06-20",AR69294,0,1,0,0,0,0,0,0
IT,"2026-06-20",JC23611,1,0,0,0,0,0,0,0
IT,"2026-06-22",ZV11781,0,0,0,0,1,0,0,0
IT,"2026-06-22",NB43511,0,0,0,0,0,1,0,0
IT,"2026-06-22",KT18193,0,0,0,0,0,0,1,0
NL,"2026-04-24",NS16178,0,0,0,0,1,0,0,0
NL,"2026-04-24",ZM25027,0,0,0,0,0,0,1,0
NL,"2026-04-24",XS99997,0,0,0,0,1,0,0,0
NL,"2026-04-24",HF53560,0,0,0,0,1,0,0,0
NL,"2026-04-27",SL34754,0,0,1,0,0,0,0,0
NL,"2026-04-28",ES65970,0,0,0,0,1,0,0,0
NL,"2026-04-29",RF05610,0,0,0,1,0,0,0,0
NL,"2026-04-29",MA19924,0,0,0,0,1,0,0,0
NL,"2026-05-01",HT21621,0,0,1,0,0,0,0,0
NL,"2026-05-01",RV78400,0,0,0,0,1,0,0,0
NL,"2026-05-01",YE95248,0,1,0,0,0,0,0,0
NL,"2026-05-01",AZ66969,0,1,0,0,0,0,0,0
NL,"2026-05-01",CY43672,0,1,0,0,0,0,0,0
NL,"2026-05-06",GW03866,0,0,1,0,0,0,0,0
NL,"2026-05-06",GN20402,1,0,0,0,0,0,0,0
NL,"2026-05-06",AB18278,0,0,1,0,0,0,0,0
NL,"2026-05-11",MJ07837,0,0,1,0,0,0,0,0
NL,"2026-05-12",HH71456,0,1,0,0,0,0,0,0
NL,"2026-05-12",HT65565,0,0,0,0,1,0,0,0
NL,"2026-05-13",ZB90582,0,0,1,0,0,0,0,0
NL,"2026-05-13",CS97448,0,0,0,0,1,0,0,0
NL,"2026-05-13",YU56694,1,0,0,0,0,0,0,0
NL,"2026-05-29",UV68046,0,0,0,0,1,0,0,0
NL,"2026-05-29",GD38396,0,0,0,0,1,0,0,0
NL,"2026-06-04",KZ49859,0,1,0,0,0,0,0,0
NL,"2026-06-08",MV05966,0,0,0,0,1,0,0,0
NL,"2026-06-09",LN66675,0,0,0,0,0,0,1,0
NL,"2026-06-09",ZS92484,0,0,0,0,1,0,0,0
NL,"2026-06-09",TF02469,0,0,0,0,1,0,0,0
NL,"2026-06-09",TB96282,0,1,0,0,0,0,0,0
NL,"2026-06-09",FF35347,0,0,0,0,1,0,0,0
NL,"2026-06-10",WW91870,0,0,0,0,1,0,0,0
NL,"2026-06-15",EX17068,0,0,0,0,1,0,0,0
NL,"2026-06-15",BM30247,0,0,0,0,1,0,0,0
NL,"2026-06-15",FG60206,0,1,0,0,0,0,0,0
NL,"2026-06-15",TF71915,0,1,0,0,0,0,0,0
NL,"2026-06-15",YA15080,0,1,0,0,0,0,0,0
NL,"2026-06-15",AL81223,0,1,0,0,0,0,0,0
NL,"2026-06-17",NM90701,0,1,0,0,0,0,0,0
NL,"2026-06-19",RM71068,0,0,0,0,1,0,0,0
NL,"2026-06-22",CS11016,0,0,0,0,1,0,0,0
NL,"2026-06-22",VT92974,0,1,0,0,0,0,0,0
NL,"2026-06-22",NP98054,0,0,0,0,1,0,0,0
PT,"2026-04-29",XH09560,0,0,0,0,1,0,0,0
PT,"2026-04-29",ZP36897,0,0,0,0,1,0,0,0
PT,"2026-05-02",XY39861,0,0,0,0,1,0,0,0
PT,"2026-05-05",DG31682,1,0,0,0,0,0,0,0
PT,"2026-05-05",GL62834,0,0,0,0,1,0,0,0
PT,"2026-05-07",AR41101,0,0,0,0,1,0,0,0
PT,"2026-05-07",UR02242,0,0,0,0,1,0,0,0
PT,"2026-05-11",FM89765,1,0,0,0,0,0,0,0
PT,"2026-05-15",YN43420,0,0,0,1,0,0,0,0
PT,"2026-05-15",SK58304,0,0,0,1,0,0,0,0
PT,"2026-05-18",ZP91988,0,0,0,0,1,0,0,0
PT,"2026-05-18",PK59828,0,0,0,0,0,1,0,0
PT,"2026-05-19",YT70638,1,0,0,0,0,0,0,0
PT,"2026-05-20",ZG16159,0,0,0,0,0,1,0,0
PT,"2026-05-20",MB07947,0,0,0,0,1,0,0,0
PT,"2026-05-20",XV24515,0,0,0,0,0,0,1,0
PT,"2026-05-20",GT18171,0,1,0,0,0,0,0,0
PT,"2026-05-20",WS72112,0,0,0,0,0,1,0,0
PT,"2026-05-20",DN42445,1,0,0,0,0,0,0,0
PT,"2026-05-20",PM23204,0,0,0,0,0,0,1,0
PT,"2026-05-20",VX90446,0,1,0,0,0,0,0,0
PT,"2026-05-20",SX56873,0,1,0,0,0,0,0,0
PT,"2026-05-20",RH19646,1,0,0,0,0,0,0,0
PT,"2026-05-20",SK58304,0,0,0,1,0,0,0,0
PT,"2026-05-21",KG76377,1,0,0,0,0,0,0,0
PT,"2026-05-21",KB74867,0,0,0,0,1,0,0,0
PT,"2026-05-21",JK84050,1,0,0,0,0,0,0,0
PT,"2026-05-21",MY47057,0,0,0,0,1,0,0,0
PT,"2026-05-21",ZP91988,0,0,0,0,1,0,0,0
PT,"2026-05-21",GN52856,0,0,0,0,1,0,0,0
PT,"2026-05-21",HU69148,1,0,0,0,0,0,0,0
PT,"2026-05-21",GK26164,0,0,0,0,1,0,0,0
PT,"2026-05-22",HY87409,0,0,0,0,0,1,0,0
PT,"2026-05-25",FP46218,0,0,0,0,0,0,1,0
PT,"2026-05-25",RN62798,0,0,0,0,1,0,0,0
PT,"2026-05-25",KP76933,0,0,1,0,0,0,0,0
PT,"2026-05-26",MY53758,1,0,0,0,0,0,0,0
PT,"2026-05-26",XJ33346,0,0,0,0,1,0,0,0
PT,"2026-05-26",GL62964,0,0,0,0,0,1,0,0
PT,"2026-05-27",YR09407,0,0,0,0,0,0,1,0
PT,"2026-05-27",JJ98634,1,0,0,0,0,0,0,0
PT,"2026-05-28",RD30872,0,0,0,0,1,0,0,0
PT,"2026-05-28",HV91955,1,0,0,0,0,0,0,0
PT,"2026-05-29",VM96820,1,0,0,0,0,0,0,0
PT,"2026-05-30",LE83766,0,0,0,0,0,1,0,0
PT,"2026-06-01",JY34770,0,0,0,0,1,0,0,0
PT,"2026-06-01",LG90865,0,0,0,0,0,0,1,0
PT,"2026-06-01",LB90012,1,0,0,0,0,0,0,0
PT,"2026-06-01",ZW48918,0,0,0,0,0,0,1,0
PT,"2026-06-02",RJ59013,0,0,1,0,0,0,0,0
PT,"2026-06-03",NU95872,0,0,0,0,0,0,1,0
PT,"2026-06-03",GR70343,0,1,0,0,0,0,0,0
PT,"2026-06-05",XZ38295,0,1,0,0,0,0,0,0
PT,"2026-06-08",TS06879,0,0,0,0,1,0,0,0
PT,"2026-06-09",CJ47567,0,0,0,0,1,0,0,0
PT,"2026-06-09",UP33279,0,0,0,0,1,0,0,0
PT,"2026-06-09",MW97977,0,0,0,0,1,0,0,0
PT,"2026-06-09",UK42730,1,0,0,0,0,0,0,0
PT,"2026-06-09",BU55318,0,0,0,0,0,0,1,0
PT,"2026-06-12",FN59483,1,0,0,0,0,0,0,0
PT,"2026-06-12",RT83754,1,0,0,0,0,0,0,0
PT,"2026-06-12",MK00544,0,0,0,0,1,0,0,0
PT,"2026-06-12",PG44486,1,0,0,0,0,0,0,0
PT,"2026-06-12",XY02143,0,1,0,0,0,0,0,0
PT,"2026-06-15",RD97604,1,0,0,0,0,0,0,0
PT,"2026-06-15",YD46162,0,1,0,0,0,0,0,0
PT,"2026-06-16",GB34899,0,1,0,0,0,0,0,0
PT,"2026-06-16",TZ15536,0,0,0,0,1,0,0,0
PT,"2026-06-16",WJ04089,1,0,0,0,0,0,0,0
PT,"2026-06-16",CN61947,0,0,0,0,0,0,1,0
PT,"2026-06-18",AZ36462,0,0,0,0,1,0,0,0
PT,"2026-06-18",NB03091,0,0,0,1,0,0,0,0
PT,"2026-06-18",VC16104,0,0,0,0,1,0,0,0
PT,"2026-06-18",WY16593,0,0,0,1,0,0,0,0
PT,"2026-06-18",SY10134,0,1,0,0,0,0,0,0
PT,"2026-06-19",MN35046,1,0,0,0,0,0,0,0
PT,"2026-06-19",UL91015,0,0,1,0,0,0,0,0
PT,"2026-06-22",KM15418,0,0,0,1,0,0,0,0
SE,"2026-04-28",NX41744,0,0,0,0,1,0,0,0
SE,"2026-04-29",NC02787,0,1,0,0,0,0,0,0
SE,"2026-05-08",SY69985,0,1,0,0,0,0,0,0
SE,"2026-05-11",HR87608,0,0,0,0,1,0,0,0
SE,"2026-05-11",CP14342,0,0,0,0,1,0,0,0
SE,"2026-05-16",MR58546,0,1,0,0,0,0,0,0
SE,"2026-05-18",BV24552,0,0,0,1,0,0,0,0
SE,"2026-05-19",LA03100,0,1,0,0,0,0,0,0
SE,"2026-05-28",EH43800,0,0,1,0,0,0,0,0
SE,"2026-05-30",HR32533,0,1,0,0,0,0,0,0
SE,"2026-05-30",JH39079,0,1,0,0,0,0,0,0
SE,"2026-06-17",DA37852,0,0,0,0,1,0,0,0
SE,"2026-06-18",CF05585,0,1,0,0,0,0,0,0